<?xml version="1.0" encoding="utf-8"?>
<extension version="3.0" type="plugin" group="playjoom" method="upgrade">
	<name>plg_playjoom_360player</name>
	<author>Torsten Freyda</author>
	<creationDate>March 2015</creationDate>
	<copyright>Copyright (C) 2010-2015 by TFToto. All rights reserved.</copyright>
	<license>GNU General Public License version 2 or later; see LICENSE.txt</license>
	<authorEmail>admin@teglo.info</authorEmail>
	<authorUrl>playjoom.teglo.info</authorUrl>
	<version>1.0.1</version>
	<description>PLG_PLAYJOOM_360PLAYER_XML_DESCRIPTION</description>
	<files>
		<filename plugin="360player">360player.php</filename>
		<filename>index.html</filename>
	</files>
	<languages folder="language">
		<language tag="en-GB">en-GB.plg_playjoom_360player.ini</language>
		<language tag="en-GB">en-GB.plg_playjoom_360player.sys.ini</language>
		<language tag="de-DE">de-DE.plg_playjoom_360player.ini</language>
		<language tag="de-DE">de-DE.plg_playjoom_360player.sys.ini</language>
	</languages>
	<config>
		<fields name="params">
			<fieldset name="basic">
				<field
					name="plg_playjoom_barplayer_params_basic_view"
					type="list"
					label="PLG_PLAYJOOM_BARPLAYER_PARAMS_BASIC_VIEW_LABEL"
					description="PLG_PLAYJOOM_BARPLAYER_PARAMS_BASIC_VIEW_LABEL_DESC"
					class="inputbox">
						<option value="site">PLG_PLAYJOOM_BARPLAYER_PARAMS_BASIC_SITE_LABEL</option>
						<option value="admin">PLG_PLAYJOOM_BARPLAYER_PARAMS_BASIC_ADMIN_LABEL</option>
						<option value="both">PLG_PLAYJOOM_BARPLAYER_PARAMS_BASIC_BOTH_LABEL</option>
		       </field>
			</fieldset>
		</fields>
	</config>
</extension>