<?xml version="1.0" encoding="utf-8"?>
<extension type="module" version="3.2" client="site" method="upgrade">
	<name>mod_pj_search</name>
	<author>Teglo Project</author>
	<creationDate>March 2014</creationDate>
	<copyright>Copyright (C) 2010 - 2014 by teglo. All rights reserved.</copyright>
	<license>GNU General Public License version 2 or later; see LICENSE.txt</license>
	<authorEmail>admin@teglo.info</authorEmail>
	<authorUrl>playjoom.teglo.info</authorUrl>
	<version>1.1.0</version>
	<description>MOD_PJ_SEARCH_XML_DESCRIPTION</description>
	<files>
		<filename module="mod_pj_search">mod_pj_search.php</filename>
		<folder>assets</folder>
		<folder>tmpl</folder>
		<filename>helper.php</filename>
		<filename>index.html</filename>		
		<filename>mod_pj_search.xml</filename>
	</files>
	<languages>
		<language tag="en-GB">language/en-GB.mod_pj_search.ini</language>
		<language tag="en-GB">language/en-GB.mod_pj_search.sys.ini</language>
		<language tag="de-DE">language/de-DE.mod_pj_search.ini</language>
		<language tag="de-DE">language/de-DE.mod_pj_search.sys.ini</language>
	</languages>
	<help key="JHELP_EXTENSIONS_MODULE_MANAGER_SEARCH" />
	<config>
		<fields name="params">
			<fieldset name="basic">
				<field
					name="label"
					type="label"
					label="MOD_PJ_SEARCH_FIELD_LABEL_TEXT_LABEL"
					description="MOD_PJ_SEARCH_FIELD_LABEL_TEXT_DESC" />
				<field
					name="width"
					type="text"
					default="20"
					label="MOD_PJ_SEARCH_FIELD_BOXWIDTH_LABEL"
					description="MOD_PJ_SEARCH_FIELD_BOXWIDTH_DESC" />
				<field
					name="text"
					type="text"
					label="MOD_PJ_SEARCH_FIELD_TEXT_LABEL"
					description="MOD_PJ_SEARCH_FIELD_TEXT_DESC" />
				<field
					name="button"
					type="radio"
					class="btn-group"
					label="MOD_PJ_SEARCH_FIELD_BUTTON_LABEL"
					description="MOD_PJ_SEARCH_FIELD_BUTTON_DESC">
					<option
						value="">JNO</option>
					<option
						value="1">JYES</option>
				</field>
				<field
					name="button_pos"
					type="list"
					default="right"
					label="MOD_PJ_SEARCH_FIELD_BUTTONPOS_LABEL"
					description="MOD_PJ_SEARCH_FIELD_BUTTONPOS_DESC">
					<option
						value="right">MOD_PJ_SEARCH_FIELD_VALUE_RIGHT</option>
					<option
						value="left">MOD_PJ_SEARCH_FIELD_VALUE_LEFT</option>
					<option
						value="top">MOD_PJ_SEARCH_FIELD_VALUE_TOP</option>
					<option
						value="bottom">MOD_PJ_SEARCH_FIELD_VALUE_BOTTOM</option>
				</field>
				<field
					name="imagebutton"
					type="radio"
					class="btn-group"
					label="MOD_PJ_SEARCH_FIELD_IMAGEBUTTON_LABEL"
					description="MOD_PJ_SEARCH_FIELD_IMAGEBUTTON_DESC">
					<option
						value="">JNO</option>
					<option
						value="1">JYES</option>
				</field>
				<field
					name="button_text"
					type="text"
					label="MOD_PJ_SEARCH_FIELD_BUTTONTEXT_LABEL"
					description="MOD_PJ_SEARCH_FIELD_BUTTONTEXT_DESC" />
				<field
					name="opensearch"
					type="radio"
					class="btn-group"
					label="MOD_PJ_SEARCH_FIELD_OPENSEARCH_LABEL"
					description="MOD_PJ_SEARCH_FIELD_OPENSEARCH_DESC"
					default="1">
					<option
						value="0">JNO</option>
					<option
						value="1">JYES</option>
				</field>
				<field
					name="opensearch_title"
					type="text"
					label="MOD_PJ_SEARCH_FIELD_OPENSEARCH_TEXT_LABEL"
					description="MOD_PJ_SEARCH_FIELD_OPENSEARCH_TEXT_DESC" />
				<field
					name="set_itemid"
					type="text"
					label="MOD_PJ_SEARCH_FIELD_SETITEMID_LABEL"
					description="MOD_PJ_SEARCH_FIELD_SETITEMID_DESC" />
			</fieldset>
			<fieldset
				name="advanced">
				<field
					name="layout"
					type="modulelayout"
					label="JFIELD_ALT_LAYOUT_LABEL"
					description="JFIELD_ALT_MODULE_LAYOUT_DESC" />
				<field
					name="moduleclass_sfx"
					type="textarea" rows="3"
					label="COM_MODULES_FIELD_MODULECLASS_SFX_LABEL"
					description="COM_MODULES_FIELD_MODULECLASS_SFX_DESC" />
				<field
					name="cache"
					type="list"
					default="1"
					label="COM_MODULES_FIELD_CACHING_LABEL"
					description="COM_MODULES_FIELD_CACHING_DESC">
					<option
						value="1">JGLOBAL_USE_GLOBAL</option>
					<option
						value="0">COM_MODULES_FIELD_VALUE_NOCACHING</option>
				</field>
				<field
					name="cache_time"
					type="text"
					default="900"
					label="COM_MODULES_FIELD_CACHE_TIME_LABEL"
					description="COM_MODULES_FIELD_CACHE_TIME_DESC" />
				<field
					name="cachemode"
					type="hidden"
					default="itemid">
					<option
						value="itemid"></option>
				</field>
			</fieldset>
			<fieldset
				name="suggestionsearch">
				<field
					name="min_length"
					type="number"
					default="0"
					max="10"
					min="0"
					label="MOD_PJ_SEARCH_FIELD_MIN_LENGTH"
					description="MOD_PJ_SEARCH_FIELD_MIN_LENGTH_DESC"
					class="span1"
				>
				</field>
				<field
					name="delay"
					type="number"
					default="2"
					min="1"
					max="10"
					label="MOD_PJ_SEARCH_FIELD_DELAY"
					description="MOD_PJ_SEARCH_FIELD_DELAY_DESC"
					class="span1"
				>
				</field>
				<field
					name="autofocus"
					type="radio"
					default="true"
					label="MOD_PJ_SEARCH_FIELD_AUTOFOCUS"
					description="MOD_PJ_SEARCH_FIELD_AUTOFOCUS_DESC"
					class="btn-group"
				>
					<option value="true">JYES</option>
                    <option value="false">JNO</option>
				</field>
			</fieldset>
		</fields>
	</config>
</extension>
