<?xml version="1.0" encoding="utf-8"?>
<extension
	type="module" version="3.0"	client="administrator" method="upgrade">
	<name>mod_pj_menu</name>
	<author>PlayJoom Project</author>
	<creationDate>September 2014</creationDate>
	<copyright>Copyright (C) 2010 - 2014 by teglo. All rights reserved.</copyright>
	<license>GNU General Public License version 2 or later; see LICENSE.txt</license>
	<authorEmail>admin@teglo.info</authorEmail>
	<authorUrl>playjoom.teglo.info</authorUrl>
	<version>2.0.1</version>
	<description>MOD_PJ_MENU_XML_DESCRIPTION</description>
	<files>
		<filename module="mod_pj_menu">mod_pj_menu.php</filename>
		<filename>menu.php</filename>
		<filename>helper.php</filename>
		<filename>index.html</filename>
		<folder>tmpl</folder>
	</files>
	<languages>
		<language tag="en-GB">language/en-GB.mod_pj_menu.ini</language>
		<language tag="en-GB">language/en-GB.mod_pj_menu.sys.ini</language>
		<language tag="de-DE">language/de-DE.mod_pj_menu.ini</language>
		<language tag="de-DE">language/de-DE.mod_pj_menu.sys.ini</language>
	</languages>
	<help key="JHELP_EXTENSIONS_MODULE_MANAGER_ADMIN_MENU" />
	<config>
		<fields name="params">
			<fieldset name="advanced">
				<field
					name="layout"
					type="modulelayout"
					label="JFIELD_ALT_LAYOUT_LABEL"
					description="JFIELD_ALT_MODULE_LAYOUT_DESC" />
				<field
					name="moduleclass_sfx"
					type="text"
					label="COM_MODULES_FIELD_MODULECLASS_SFX_LABEL"
					description="COM_MODULES_FIELD_MODULECLASS_SFX_DESC" />

				<field
					name="shownew"
					type="list"
					default="1"
					label="MOD_MENU_FIELD_SHOWNEW"
					description="MOD_MENU_FIELD_SHOWNEW_DESC">
					<option value="0">JHIDE</option>
					<option value="1">JSHOW</option>
				</field>

				<field
					name="showhelp"
					type="list"
					default="1"
					label="MOD_MENU_FIELD_SHOWHELP"
					description="MOD_MENU_FIELD_SHOWHELP_DESC">
					<option value="0">JHIDE</option>
					<option value="1">JSHOW</option>
				</field>

				<field
					name="forum_url"
					type="url"
					class="inputbox"
					size="30"
					default=""
					label="MOD_MENU_FIELD_FORUMURL_LABEL"
					description="MOD_MENU_FIELD_FORUMURL_DESC"
				/>

				<field
					name="cache"
					type="list"
					default="0"
					label="COM_MODULES_FIELD_CACHING_LABEL"
					description="COM_MODULES_FIELD_CACHING_DESC">
					<option
						value="0">COM_MODULES_FIELD_VALUE_NOCACHING</option>
				</field>
			</fieldset>
		</fields>
	</config>
</extension>
