<?xml version="1.0" encoding="utf-8"?>
<extension type="component" version="3.1" method="upgrade">
	<name>com_cache</name>
	<author>Joomla! Project</author>
	<creationDate>April 2006</creationDate>
	<copyright>(C) 2005 - 2013 Open Source Matters. All rights reserved.	</copyright>
	<license>GNU General Public License version 2 or later; see	LICENSE.txt</license>
	<authorEmail>admin@joomla.org</authorEmail>
	<authorUrl>www.joomla.org</authorUrl>
	<version>3.0.0</version>
	<description>COM_CACHE_XML_DESCRIPTION</description>
	<scriptfile>setupscript.php</scriptfile>
	<administration>
		<files folder="admin">
			<folder>helpers</folder>
			<folder>models</folder>
			<folder>views</folder>
			<filename>cache.php</filename>
			<filename>config.xml</filename>
			<filename>controller.php</filename>
			<filename>index.html</filename>
			<filename>setupscript.php</filename>
		</files>
		<languages folder="admin">
			<language tag="en-GB">language/en-GB.com_cache.ini</language>
			<language tag="en-GB">language/en-GB.com_cache.sys.ini</language>
			<language tag="de-DE">language/de-DE.com_cache.ini</language>
			<language tag="de-DE">language/de-DE.com_cache.sys.ini</language>
		</languages>
	</administration>
</extension>

