<?xml version="1.0" encoding="utf-8"?>
<extension version="3.1" type="plugin" group="search" method="upgrade">
	<name>plg_search_pj_tags</name>
	<author>Telgo Project</author>
	<creationDate>September 2014</creationDate>
	<copyright>Copyright (C) 2010 - 2014 by teglo. All rights reserved.</copyright>
	<license>GNU General Public License version 2 or later; see LICENSE.txt</license>
	<authorEmail>admin@joomla.org</authorEmail>
	<authorUrl>playjoom.teglo.info</authorUrl>
	<version>3.0.0</version>
	<description>PLG_SEARCH_PJ_TAGS_XML_DESCRIPTION</description>
	<files>
		<filename plugin="pj_tags">pj_tags.php</filename>
		<filename>index.html</filename>
	</files>
	<languages folder="language">
		<language tag="en-GB">en-GB.plg_search_pj_tags.ini</language>
		<language tag="en-GB">en-GB.plg_search_pj_tags.sys.ini</language>
		<language tag="de-DE">de-DE.plg_search_pj_tags.ini</language>
		<language tag="de-DE">de-DE.plg_search_pj_tags.sys.ini</language>
	</languages>
	<config>
		<fields name="params">
			<fieldset name="basic">
				<field name="search_limit" type="text"
					default="50"
					description="JFIELD_PLG_SEARCH_PJ_SEARCHLIMIT_DESC"
					label="JFIELD_PLG_SEARCH_PJ_SEARCHLIMIT_LABEL"
					size="5"
				/>
				<field name="show_tagged_items" type="radio"
					class="btn-group btn-group-yesno"
					default="0"
					description="PLG_SEARCH_PJ_TAGS_FIELD_SHOW_TAGGED_ITEMS_DESC"
					label="PLG_SEARCH_PJ_TAGS_FIELD_SHOW_TAGGED_ITEMS_LABEL">
					<option value="1">JON</option>
					<option value="0">JOFF</option>
				</field>
			</fieldset>
		</fields>
	</config>
</extension>