<?xml version="1.0" encoding="utf-8"?>
<extension version="1.7" type="plugin" group="playjoom" method="upgrade">
	<name>plg_playjoom_tracktimeinfo</name>
	<author>Torsten Freyda</author>
	<creationDate>Jan 2013</creationDate>
	<copyright>Copyright (C) 2010-2013 by TFToto. All rights reserved.</copyright>
	<license>GNU General Public License version 2 or later; see LICENSE.txt</license>
	<authorEmail>admin@teglo.info</authorEmail>
	<authorUrl>playjoom.teglo.info</authorUrl>
	<version>1.0.2</version>
	<description>PLG_PLAYJOOM_TRACKTIMEINFO_XML_DESCRIPTION</description>
	<files>
		<filename plugin="tracktimeinfo">tracktimeinfo.php</filename>
		<filename>index.html</filename>
		<filename>helper.php</filename>
	</files>
	<languages folder="language">
		<language tag="en-GB">en-GB.plg_playjoom_tracktimeinfo.ini</language>
		<language tag="en-GB">en-GB.plg_playjoom_tracktimeinfo.sys.ini</language>
		<language tag="de-DE">de-DE.plg_playjoom_tracktimeinfo.ini</language>
		<language tag="de-DE">de-DE.plg_playjoom_tracktimeinfo.sys.ini</language>
	</languages>
</extension>