<?xml version="1.0" encoding="utf-8"?>
<extension type="component" version="3.1" method="upgrade">
	<name>com_cpanel</name>
	<author>Joomla! Project</author>
	<creationDate>April 2006</creationDate>
	<copyright>(C) 2005 - 2013 Open Source Matters. All rights reserved.</copyright>
	<license>GNU General Public License version 2 or later; see	LICENSE.txt</license>
	<authorEmail>admin@joomla.org</authorEmail>
	<authorUrl>www.joomla.org</authorUrl>
	<version>3.0.0</version>
	<description>COM_CPANEL_XML_DESCRIPTION</description>
	<scriptfile>setupscript.php</scriptfile>
	<administration>
		<files folder="admin">
			<folder>views</folder>
			<filename>controller.php</filename>
			<filename>cpanel.php</filename>
			<filename>index.html</filename>
			<filename>setupscript.php</filename>
		</files>
		<languages folder="admin">
			<language tag="en-GB">language/en-GB.com_cpanel.ini</language>
			<language tag="en-GB">language/en-GB.com_cpanel.sys.ini</language>
			<language tag="de-DE">language/de-DE.com_cpanel.ini</language>
			<language tag="de-DE">language/de-DE.com_cpanel.sys.ini</language>
		</languages>
	</administration>
</extension>

