<?xml version="1.0" encoding="utf-8"?>
<extension
	type="module"
	version="3.0.0"
	client="site"
	method="upgrade">
	<name>mod_pj_populartracks</name>
	<author>Torsten Freyda</author>
	<creationDate>December 2012</creationDate>
	<copyright>Copyright (C) 2010 - 2012 by teglo. All rights reserved.</copyright>
	<license>GNU General Public License version 2 or later; see LICENSE.txt</license>
	<authorEmail>admin@teglo.info</authorEmail>
	<authorUrl>playjoom.teglo.info</authorUrl>
	<version>1.2.0</version>
	<description>MOD_PLAYJOOM_POPLUARTRACKS_XML_DESCRIPTION</description>
	<files>
		<filename
			module="mod_pj_populartracks">mod_pj_populartracks.php</filename>
		<folder>tmpl</folder>
		<filename>helper.php</filename>
		<filename>index.html</filename>
		<filename>mod_pj_populartracks.xml</filename>
	</files>
	
	<languages>
		<language tag="en-GB">language/en-GB.mod_pj_populartracks.ini</language>
		<language tag="en-GB">language/en-GB.mod_pj_populartracks.sys.ini</language>
		<language tag="de-DE">language/de-DE.mod_pj_populartracks.ini</language>
		<language tag="de-DE">language/de-DE.mod_pj_populartracks.sys.ini</language>
	</languages>
	
	<help key="JHELP_EXTENSIONS_MODULE_MANAGER_LATEST_NEWS" />
	<config>
		<fields name="params">
			<fieldset name="basic">
			<field
                        name="catid"
                        type="category"
                        extension="com_playjoom"
                        class="inputbox"
                        default="0"
                        label="MOD_PLAYJOOM_POPLUAR_FIELD_CATID"
                        description="MOD_PLAYJOOM_POPLUAR_FIELD_CATID_DESC"
                >
                        <option value="0">MOD_PLAYJOOM_POPLUAR_FIELD_CATEGORY</option>
                        <option value="auto">MOD_PLAYJOOM_POPLUAR_FIELD_AUTO</option>
                </field>
				<field
					name="count"
					type="text"
					default="5"
					size="2"
					label="MOD_PLAYJOOM_POPLUAR_FIELD_COUNT"
					description="MOD_PLAYJOOM_POPLUAR_FIELD_COUNT" />


				<field
					name="show_hits"
					type="radio"
					default="1"
					label="MOD_PLAYJOOM_POPLUAR_FIELD_HITS"
					description="MOD_PLAYJOOM_POPLUAR_FIELD_HITS_DESC">
					<option
						value="1">JSHOW</option>
					<option
						value="0">JHIDE</option>
				</field>
				<field
					name="show_album"
					type="radio"
					default="1"
					label="MOD_PLAYJOOM_POPLUAR_FIELD_ALBUM"
					description="MOD_PLAYJOOM_POPLUAR_FIELD_ALBUM_DESC">
					<option
						value="1">JSHOW</option>
					<option
						value="0">JHIDE</option>
				</field>
				<field
					name="show_length"
					type="radio"
					default="1"
					label="MOD_PLAYJOOM_POPLUAR_FIELD_LENGTH"
					description="MOD_PLAYJOOM_POPLUAR_FIELD_LENGTH_DESC">
					<option
						value="1">JSHOW</option>
					<option
						value="0">JHIDE</option>
				</field>

			</fieldset>

			<fieldset
				name="advanced">
				
				<field
					name="layout"
					type="modulelayout"
					label="JFIELD_ALT_LAYOUT_LABEL"
					description="JFIELD_ALT_MODULE_LAYOUT_DESC" />

				<field
					name="moduleclass_sfx"
					type="text"
					label="COM_MODULES_FIELD_MODULECLASS_SFX_LABEL"
					description="COM_MODULES_FIELD_MODULECLASS_SFX_DESC" />

				<field
					name="cache"
					type="list"
					default="1"
					label="COM_MODULES_FIELD_CACHING_LABEL"
					description="COM_MODULES_FIELD_CACHING_DESC">
					<option
						value="1">JGLOBAL_USE_GLOBAL</option>
					<option
						value="0">COM_MODULES_FIELD_VALUE_NOCACHING</option>
				</field>

				<field
					name="cache_time"
					type="text"
					default="900"
					label="COM_MODULES_FIELD_CACHE_TIME_LABEL"
					description="COM_MODULES_FIELD_CACHE_TIME_DESC" />
				<field
					name="cachemode"
					type="hidden"
					default="static">
					<option
						value="static"></option>
				</field>
			</fieldset>
		</fields>
	</config>
</extension>
