<?xml version="1.0" encoding="UTF-8"?>
<extension version="0.9" type="file" method="upgrade">
	<name>files_playjoom</name>
	<author>PlayJoom Project</author>
	<authorEmail>admin@teglo.info</authorEmail>
	<authorUrl>playjoom.teglo.info</authorUrl>
	<copyright>(C) 2010 - 2013 by teglo. All rights reserved</copyright>
	<license>GNU General Public License version 2 or later; see     LICENSE.txt</license>
	<version>0.9.763</version>
	<creationDate>March 2013</creationDate>
	<description>FILES_PLAYJOOM_XML_DESCRIPTION</description>

	<scriptfile>administrator/components/com_admin/script.php</scriptfile>

	<update> <!-- Runs on update; New in 1.7 -->
		<schemas>
			<schemapath type="mysql">administrator/components/com_admin/sql/updates/mysql</schemapath>
			<schemapath type="sqlsrv">administrator/components/com_admin/sql/updates/sqlsrv</schemapath>
			<schemapath type="sqlazure">administrator/components/com_admin/sql/updates/sqlazure</schemapath>
			<schemapath type="postgresql">administrator/components/com_admin/sql/updates/postgresql</schemapath>
		</schemas>
	</update>

	<fileset>
		<files>
			<folder>administrator</folder>
			<folder>cache</folder>
			<folder>cli</folder>
			<folder>components</folder>
			<folder>images</folder>
			<folder>includes</folder>
			<folder>language</folder>
			<folder>layouts</folder>
			<folder>libraries</folder>
			<folder>logs</folder>
			<folder>media</folder>
			<folder>modules</folder>
			<folder>plugins</folder>
			<folder>templates</folder>
			<folder>tmp</folder>
			<file>BSD license.txt</file>
			<file>changelog.txt</file>
			<file>GNU GENERAL PUBLIC LICENSE.txt</file>
			<file>htaccess.txt</file>
			<file>index.php</file>
			<file>LICENSE.txt</file>
			<file>MIT license.txt</file>
			<file>web.config.txt</file>
			<file>README.txt</file>
		</files>
	</fileset>

	<updateservers>
		<server type="collection">http://files.teglo.info/playjoom/beta_release_list.xml</server>
		<server type="collection">http://files.teglo.info/playjoom/stable_release_list.xml</server>
		<server type="collection">http://files.teglo.info/playjoom/testing_release_list.xml</server>
	</updateservers>
</extension>
